[{"@type":"connection","id":"@1","name":"Sample Salesforce Connection","runtimeEnvironmentId":"@4eu6pr012mmc68TIhNYnIN","instanceName":"MockConnector","instanceDisplayName":"MockConnector","type":"TOOLKIT","baseType":"TOOLKIT","subType":"TOOLKIT","port":0,"majorUpdateTime":"2026-02-18T21:08:17.000Z","timeout":60,"connParams":{"agentId":"0080000000003KB","agentGroupId":"025000000000002","Connection Type":"Salesforce","Code Page":"UTF-8","orgId":"0137LA"},"internal":false,"federatedId":"d0AzyiJFHsJjeex3k7h2GY","retryNetworkError":false,"supportsCCIMultiGroup":false,"metadataBrowsable":true,"supportLabels":true,"vaultEnabled":false,"vaultEnabledParams":[],"connectorGuid":"38bb4da4-077e-4e17-b88b-6ed3fea0a284","isRtAttrsRefreshRequired":false,"connectorStatus":"ACTIVE"}]